No Name,No Price
"Logitech G915 LIGHT SPEED wireless mechanical gaming keyboard, Clicky GL-button switch with low profile LIGHTSYNC RGB, Ultra Slim, 30+ hours of battery life, wireless connection, QWERTY layout",237.
No Name,237.
No Name,No Price
No Name,No Price
"Logitech G915 LIGHT SPEED TKL wireless mechanical gaming keyboard with no numeric keypad, tactile GL-button switch with low profile LIGHTSYNC RGB, Ultra Slim, 40+ hours of battery life, QWERTY layout",174.
No Name,174.
No Name,No Price
No Name,No Price
"Logitech G213 Gaming Keyboard Prodigy, RGB lighting, programmable G-keys, multimedia controls, integrated palm rest, splashproof, German QWERTY layout, Black",44.
No Name,44.
No Name,No Price
No Name,No Price
"OMOTON Mechnische Gaming Keyboard, RGB USB Mechanical Keyboard for PS4, PS5, Xbox, Compatible with Windows, Blue Switch, Black",29.
No Name,29.
No Name,No Price
No Name,No Price
"Black Shark Mechanical Gaming Keyboard RGB Lighting, QWERTZ German Layout, Blue Switches, Anti-Ghosting 105 Keys, Metal Plate, Fully Programmable Gaming Keyboard, for PC Gamers",59.
No Name,59.
No Name,No Price
No Name,No Price
"TECURS Mechanical Gaming Keyboard - QWERTZ Mechanical Keyboard with Magnetic Wrist Rest, Multimedia Keys, 105 Keys Wired Red Switch Keyboard for PC/PS5/PS4, 19 LED Modes",57.
No Name,57.
No Name,No Price
No Name,No Price
"Logitech G213 Gaming Keyboard Prodigy, RGB lighting, programmable G-keys, multimedia controls, integrated palm rest, splashproof, German QWERTY layout, Black",44.
No Name,44.
No Name,No Price
No Name,No Price
"Logitech G 413 TKL SE Mechanical Gaming Keyboard - With Backlight and Tactile Mechanical Switches, Anti-Ghosting, Compatible with Windows, macOS, German QWERTZ Layout - Black",69.
No Name,69.
No Name,No Price
No Name,No Price
"RisoPhy USB Mechanical Gaming Keyboard, RGB 104 Keys, Ultra Thin Gamer with Blue Switches (Tactile & Clicking), Anti-Ghosting/Splash-Proof, German QWERTZ Layout",33.
No Name,33.
No Name,No Price
No Name,No Price
"HyperX Alloy Origins RGB Mechanical Gaming Keyboard, HyperX Red Switches (QWERTZ German Layout), Black",92.
No Name,92.
No Name,No Price
No Name,No Price
"Logitech G PRO TKL mechanical gaming keyboard, GX-Blue Clicky switches, LIGHTSYNC RGB design with no numeric keypad for e-sports gaming, Detachable micro USB cable, German QWERTY layout, Black",91.
No Name,91.
No Name,No Price
No Name,No Price
"Dierya DK61se Gaming Keyboard, 60% Percent Mechanical Keyboard with Red Linear Switch, Ultra Compact Mini 61 Keys Anti-Ghosting, Type C Data Cable, US Layout for PC, Windows, Gamer Typist, White",29.
No Name,29.
No Name,No Price
No Name,No Price
"RK ROYAL KLUDGE M75 Gaming Keyboard Wireless 75% TKL Mechanical Keyboard RGB 2.4GHz Wireless/Bluetooth/USB-C QWERTZ with OLED Smart Display and Button Hot Swappable Brown Switch, Lavender Purple",129.
No Name,129.
No Name,No Price
No Name,No Price
"Dierya Ã—TMKB T68se Gaming Mechanical Keyboard, 60% Percent Keyboard with Red Linear Switch, Ultra Compact Mini 68 Keys Anti-Ghosting, Type C Data Cable, US Layout for PC Windows Gamer Typist",25.
No Name,25.
No Name,No Price
No Name,No Price
"KOORUI Gaming Keyboard, 60% Mechanical Keyboard 26 RGB Backlit Wired German Layout QWERTZ Gaming Keyboard for Windows MacOS Linux Blue Switch",35.
No Name,35.
No Name,No Price
No Name,No Price
SteelSeries Apex 3 Gaming Keyboard 10-Zone RGB Lighting Premium Magnetic Palm Rest.,73.
No Name,73.
No Name,No Price
No Name,No Price
"Black Shark RGB Mechanical Gaming Keyboard with Blue Switch, QWERTZ German Layout, 105 Keys Wired Keyboard for PC",59.
No Name,59.
No Name,No Price
No Name,No Price
"EPOMAKER TH80-X Gasket Mechanical Keyboard, 75% Layout Triple Mode Hot-swap Gaming Keyboard, with 8000 mAh Battery, LCD Screen, Silicone Pad, NKRO, RGB for Office/Win/Mac (Grey, Gateron Pro Black)",95.
No Name,95.
No Name,No Price
No Name,No Price
"Sharkoon Skiller SGK30 Red - Mechanical Gaming Keyboard with RGB Lighting, Red Switch, N-Key Rollover, 1000Hz Polling Rate - (English layout not guaranteed)",45.
No Name,45.
No Name,No Price
No Name,No Price
"RK ROYAL KLUDGE RK98 Mechanical Keyboard Wireless Gaming Keyboard 2.4G/Bluetooth 5.1/USB-C RGB Backlit German Layout QWERTZ 100 Keys Hot Swappable Red Switch, White",99.
No Name,99.
No Name,No Price
No Name,No Price
"Trust Gaming GXT 834 Callaz TKL Mechanical Keyboard, German QWERTZ Layout, Outemu Switch, Multicoloured LED Lighting, 12 Media Keys, USB Gaming Keyboard 80% for PC, Laptop, Mac, Black",29.
No Name,29.
No Name,No Price
No Name,No Price
"Mountain Everest Max (ISO Layout) - Customisable High-End Mechanical Gaming Keyboard with Media Dock, Display Keys, RGB Lighting Hot-Swapable Cherry MX Switches and Modular Numpad",179.
No Name,179.
No Name,No Price
